id,city,name,link,img,address,rating,price,Poolside bar,Restaurants,Water sports (motorized),Garden,Private beach,Kids club,Bar,Family room,Babysitting service,Tennis court,Swimming pool [outdoor],Shops,Spa,Smoking area,Massage,Front desk [24-hour],Swimming pool [indoor],Sauna,Fitness center,Kitchen,Hot tub
DaNang0,Da Nang,The Blossom Rersort Danang – Onsen & Foot Massage Inclusive,https://www.agoda.com/the-blossom-rersort-danang-onsen-foot-massage-inclusive/hotel/da-nang-vn.html?checkin=2019-09-20&los=1&adults=2&rooms=1&cid=-1&searchrequestid=a22e6198-a6fd-4c3b-a605-99d72ec4c46f&travellerType=1,https://pix5.agoda.net/hotelImages/926594/-1/a9a0d2a4f45bf789d45d5e8e73a51c55.jpg?s=1024x768,"Lo A1-A2, Zone of the Villas of Green Island, Hoa Cuong Bac ward, Hai Chau, Hai Chau, Da Nang, Vietnam",8.7,2289138,1,0,0,1,0,0,0,0,0,0,1,0,1,0,1,1,0,0,0,0,0
DaNang1,Da Nang,Halina Hotel and Apartment,"https://www.agoda.com/halina-hotel-and-apartment/hotel/da-nang-vn.html?checkin=2019-09-20&los=1&adults=2&rooms=1&cid=-1&searchrequestid=a22e6198-a6fd-4c3b-a605-99d72ec4c46f&travellerType=1&tspTypes=8,2",https://pix5.agoda.net/hotelImages/3122052/-1/7fabd5dd57983406454deeaf7d88b5d5.jpg?s=1024x768,"Lot 133.134 Tran Bach Dang Str, Ngu Hanh Son ward, Da Nang, Phuoc My, Da Nang, Vietnam, 59000",8.9,687273,0,1,0,0,0,0,0,0,0,0,1,0,0,0,0,1,0,1,0,1,0
DaNang2,Da Nang,Balcona Hotel Da Nang,https://www.agoda.com/balcona-hotel-da-nang/hotel/da-nang-vn.html?checkin=2019-09-20&los=1&adults=2&rooms=1&cid=-1&searchrequestid=a22e6198-a6fd-4c3b-a605-99d72ec4c46f&travellerType=1&tspTypes=8,https://pix6.agoda.net/hotelImages/4965532/-1/d147e4337eef8c92426991cefa5351eb.jpg?s=1024x768,"288 Vo Nguyen Giap Street, My An Ward, Ngu Hanh Son District, Da Nang City, Phuoc My, Da Nang, Vietnam, 550000",8.8,1542852,0,1,0,0,0,0,1,0,0,0,1,0,1,0,0,0,1,0,1,0,0
DaNang3,Da Nang,Dana Marina Boutique Hotel,https://www.agoda.com/dana-marina-boutique-hotel/hotel/da-nang-vn.html?asq=u2qcKLxwzRU5NDuxJ0kOF3T91go8JoYYMxAgy8FkBH1BN0lGAtYH25sdXoy34qb9Ll%2BdW79RBPTqc%2FD049StxIFzDYzXpCMqWEjA98CewHcNNXcF3b8m3w9RyX0kC3WLffuorKcIqWxsH6JUEoHVutlB5GLJpJoRnckeclAbBbZxcP47HWDCW8h37XlkBeaaXeiGnjAfFj718KJ7a7pyaQ%3D%3D&city=16440&tick=637038160092&txtuuid=589f56d2-e923-47a2-ace9-0820d2863894&languageId=1&userId=a67a5e7f-f2fe-4359-8c05-ad40c3783b20&sessionId=bw2gpjgmmxre1giy0ty11eh3&pageTypeId=1&origin=VN&locale=en-US&cid=-1&aid=130243&currencyCode=VND&htmlLanguage=en-us&cultureInfoName=en-US&ckuid=a67a5e7f-f2fe-4359-8c05-ad40c3783b20&prid=0&checkIn=2019-09-20&checkOut=2019-09-21&rooms=1&adults=2&children=0&priceCur=VND&los=1&textToSearch=Da%20Nang&productType=-1&travellerType=1&familyMode=off,https://pix6.agoda.net/hotelImages/2486094/-1/b5d9b23f063e07ea6f8f7855e9ce2cd2.jpg?s=1024x768,"47- 49 Vo Van Kiet, Phuoc My, Phuoc My, Da Nang, Vietnam, 70000",8.0,576903,0,1,0,0,0,0,0,0,0,0,1,0,0,0,0,1,0,0,0,0,0
DaNang4,Da Nang,White Sand Hotel and Apartment,https://www.agoda.com/white-sand-hotel-and-apartment/hotel/da-nang-vn.html?checkin=2019-09-20&los=1&adults=2&rooms=1&cid=-1&searchrequestid=a22e6198-a6fd-4c3b-a605-99d72ec4c46f&travellerType=1,https://pix5.agoda.net/hotelImages/1713002/-1/0bc83d8dd3918f4d6f0c0854e31297a3.jpg?s=1024x768,"89 - 91 Vo Van Kiet St, Phuoc My Ward, Son Tra District, Da Nang City , Viet nam, Phuoc My, Da Nang, Vietnam, 550000",8.5,722813,0,1,0,0,0,0,0,0,0,0,0,0,0,0,1,1,1,0,0,0,0
DaNang5,Da Nang,Danang Golden Bay,https://www.agoda.com/danang-golden-bay_3/hotel/da-nang-vn.html?checkin=2019-09-20&los=1&adults=2&rooms=1&cid=-1&searchrequestid=a22e6198-a6fd-4c3b-a605-99d72ec4c46f&travellerType=1&tspTypes=8,https://pix6.agoda.net/hotelImages/3471357/-1/89b3af488d0b5cc4d386762dc1c712e2.jpg?s=1024x768,"01 Le Van Duyet, Phuoc My, Da Nang, Vietnam, 59000",8.7,2240657,0,1,0,0,0,0,0,0,0,0,1,0,0,0,0,1,0,0,1,0,0
DaNang6,Da Nang,Centre Hotel,"https://www.agoda.com/centre-hotel/hotel/da-nang-vn.html?checkin=2019-09-20&los=1&adults=2&rooms=1&cid=-1&searchrequestid=a22e6198-a6fd-4c3b-a605-99d72ec4c46f&travellerType=1&tspTypes=8,2",https://pix5.agoda.net/hotelImages/1214913/-1/6fad3be145071efea5acb2ff74fe3aa7.jpg?s=1024x768,"18-20 Pham Phu Thu, Hai Chau, Da Nang, Vietnam, 550000",8.5,495393,0,1,0,0,0,0,0,0,0,0,0,0,0,0,0,1,0,0,0,0,0
DaNang7,Da Nang,Condotel Babylon Garden,https://www.agoda.com/condotel-babylon-garden_2/hotel/da-nang-vn.html?checkin=2019-09-20&los=1&adults=2&rooms=1&cid=-1&searchrequestid=a22e6198-a6fd-4c3b-a605-99d72ec4c46f&travellerType=1,https://pix5.agoda.net/hotelImages/2627359/-1/eccf802b1c99a77e763de83fcd457781.jpg?s=1024x768,"30 Ha Bong, Phuoc My, Son Tra, Da Nang, Phuoc My, Da Nang, Vietnam, 50408",8.8,860870,0,1,0,0,0,0,0,0,0,0,1,0,1,0,0,0,0,0,0,0,0
DaNang8,Da Nang,De Lamour Beach Hotel,https://www.agoda.com/de-lamour-hotel/hotel/da-nang-vn.html?checkin=2019-09-20&los=1&adults=2&rooms=1&cid=-1&searchrequestid=a22e6198-a6fd-4c3b-a605-99d72ec4c46f&travellerType=1&tspTypes=9,https://pix6.agoda.net/hotelImages/5727559/-1/6442ded881678b2f841ee84a30236000.jpg?s=1024x768,"46 Vo Nguyen Giap, Phuoc My, Da Nang, Vietnam, 590000",8.4,498701,0,1,0,0,0,0,0,0,0,0,0,0,0,0,0,1,0,0,0,0,0
DaNang9,Da Nang,Emily and Apartment,https://www.agoda.com/emily-and-apartment/hotel/da-nang-vn.html?checkin=2019-09-20&los=1&adults=2&rooms=1&cid=-1&searchrequestid=a22e6198-a6fd-4c3b-a605-99d72ec4c46f&travellerType=1,https://pix5.agoda.net/hotelImages/1060489/-1/d9e365da9d4e3862babe0704b8cd35b1.jpg?s=1024x768,"Lot 40-42, An Thuong 1, My An Ward, Phuoc My, Da Nang, Vietnam",8.6,562244,0,1,0,0,0,0,0,0,0,0,0,0,0,0,0,1,1,0,0,0,0
DaNang10,Da Nang,Sea Phoenix Da Nang Hotel,https://www.agoda.com/sea-phoenix-da-nang-hotel/hotel/da-nang-vn.html?checkin=2019-09-20&los=1&adults=2&rooms=1&cid=-1&searchrequestid=a22e6198-a6fd-4c3b-a605-99d72ec4c46f&travellerType=1,https://pix5.agoda.net/hotelImages/860867/-1/495ae253e9a6858fac0593227a7c3afa.jpg?s=1024x768,"115 Ho Xuan Huong, Phuoc My, Da Nang, Vietnam, 550000",7.8,728197,1,1,0,0,0,0,1,0,0,0,0,0,0,0,0,1,0,1,1,0,0
DaNang11,Da Nang,Adaline Hotel & Suite,https://www.agoda.com/adaline-hotel-suite/hotel/da-nang-vn.html?checkin=2019-09-20&los=1&adults=2&rooms=1&cid=-1&searchrequestid=a22e6198-a6fd-4c3b-a605-99d72ec4c46f&travellerType=1&tspTypes=8,https://pix6.agoda.net/hotelImages/189/1899405/1899405_17041214310052340392.jpg?s=1024x768,"45-47 Vo Van Kiet, Phuoc My, Da Nang, Vietnam",8.5,404040,1,1,0,0,0,0,1,0,0,0,1,0,0,0,0,1,0,0,0,0,0
DaNang12,Da Nang,Minh Toan Galaxy Hotel Da Nang,https://www.agoda.com/minh-toan-galaxy-hotel-da-nang/hotel/da-nang-vn.html?checkin=2019-09-20&los=1&adults=2&rooms=1&cid=-1&searchrequestid=a22e6198-a6fd-4c3b-a605-99d72ec4c46f&travellerType=1&tspTypes=8,https://pix6.agoda.net/hotelImages/625/625913/625913_15100619350036678492.jpg?s=1024x768,"306 2/9 Street, Hai Chau, Da Nang, Vietnam",8.2,967920,0,1,0,0,0,0,1,0,0,0,1,0,1,0,0,1,0,0,1,0,0
DaNang13,Da Nang,Muong Thanh Grand Da Nang Hotel,https://www.agoda.com/muong-thanh-grand-da-nang-hotel/hotel/da-nang-vn.html?checkin=2019-09-20&los=1&adults=2&rooms=1&cid=-1&searchrequestid=a22e6198-a6fd-4c3b-a605-99d72ec4c46f&travellerType=1,https://pix6.agoda.net/hotelImages/502/502099/502099_14060516240019719334.jpg?s=1024x768,"962 Ngo Quyen, Son Tra District, Phuoc My, Da Nang, Vietnam, 59000",7.5,936000,0,1,0,0,0,0,1,0,0,0,0,0,1,0,1,1,0,0,1,0,0
DaNang14,Da Nang,Eden Hotel Danang,https://www.agoda.com/eden-hotel-danang/hotel/da-nang-vn.html?checkin=2019-09-20&los=1&adults=2&rooms=1&cid=-1&searchrequestid=a22e6198-a6fd-4c3b-a605-99d72ec4c46f&travellerType=1&tspTypes=5,https://pix6.agoda.net/hotelImages/5690874/-1/be2efb85c8dbfc6fdb305fcd0ab37160.jpg?s=1024x768,"294 Vo Nguyen Giap Street, My An Ward, Ngu Hanh Son District, Phuoc My, Da Nang, Vietnam, 550000",8.4,963109,0,1,0,0,0,0,1,0,0,0,1,0,1,0,0,1,1,0,0,0,0
DaNang15,Da Nang,Meliora Hotel & Apartment,https://www.agoda.com/meliora-hotel-apartment/hotel/da-nang-vn.html?checkin=2019-09-20&los=1&adults=2&rooms=1&cid=-1&searchrequestid=a22e6198-a6fd-4c3b-a605-99d72ec4c46f&travellerType=1&tspTypes=1,https://pix6.agoda.net/hotelImages/7475275/-1/ad4e21eb71707a61365624747ddf9ea8.jpg?s=1024x768,"32-33 Vu Mong Nguyen, Hoa Hai, Da Nang, Vietnam",9.4,935065,0,0,0,0,0,0,0,1,0,0,0,0,0,0,0,0,0,0,1,0,0
DaNang16,Da Nang,Palmier Hotel,https://www.agoda.com/palmier-hotel/hotel/da-nang-vn.html?checkin=2019-09-20&los=1&adults=2&rooms=1&cid=-1&searchrequestid=a22e6198-a6fd-4c3b-a605-99d72ec4c46f&travellerType=1&tspTypes=9,https://pix5.agoda.net/hotelImages/937/937111/937111_16032609470041083243.jpg?s=1024x768,"305 Tran Hung Dao St., Son Tra District, Phuoc My, Da Nang, Vietnam, 550000",8.4,382095,0,1,0,0,0,0,0,0,0,0,0,1,1,0,0,0,0,0,0,0,0
DaNang17,Da Nang,Muong Thanh Luxury Da Nang hotel,https://www.agoda.com/muong-thanh-luxury-da-nang-hotel/hotel/da-nang-vn.html?checkin=2019-09-20&los=1&adults=2&rooms=1&cid=-1&searchrequestid=a22e6198-a6fd-4c3b-a605-99d72ec4c46f&travellerType=1&tspTypes=8,https://pix5.agoda.net/hotelImages/219/2190907/2190907_17080417080054905485.jpg?s=1024x768,"No 270, Vo Nguyen Giap Street, My An ward, Ngu Hanh Son District, Da Nang city, Vietnam, Phuoc My, Da Nang, Vietnam, 550000",8.4,1709957,0,1,0,0,0,0,1,0,0,1,0,0,1,0,0,0,1,0,1,0,0
DaNang18,Da Nang,Cordial Hotel,https://www.agoda.com/cordial-hotel_2/hotel/da-nang-vn.html?checkin=2019-09-20&los=1&adults=2&rooms=1&cid=-1&searchrequestid=a22e6198-a6fd-4c3b-a605-99d72ec4c46f&travellerType=1&tspTypes=4,https://pix5.agoda.net/hotelImages/6428461/-1/d1b00fe79eeb99919921336f96df75cc.jpg?s=1024x768,"30 Loseby St, An Hai Bac Ward, Son Tra District, Phuoc My, Da Nang, Vietnam, 550000",8.7,567532,0,1,0,0,0,0,0,0,0,0,1,0,0,0,0,1,0,0,0,0,0
DaNang19,Da Nang,Da Nang Riverside Hotel,https://www.agoda.com/da-nang-riverside-hotel/hotel/da-nang-vn.html?checkin=2019-09-20&los=1&adults=2&rooms=1&cid=-1&searchrequestid=a22e6198-a6fd-4c3b-a605-99d72ec4c46f&travellerType=1,https://pix6.agoda.net/hotelImages/161/161687/161687_19092508510081333104.jpg?s=1024x768,"A30, Tran Hung Dao Street, Son Tra District, Phuoc My, Da Nang, Vietnam, 550000",7.3,1264762,0,1,0,0,0,0,0,0,0,0,1,0,0,0,0,1,0,0,0,0,0
DaNang20,Da Nang,Nhat Linh Hotel Da Nang,"https://www.agoda.com/nhat-linh-hotel-da-nang/hotel/da-nang-vn.html?checkin=2019-09-20&los=1&adults=2&rooms=1&cid=-1&searchrequestid=a22e6198-a6fd-4c3b-a605-99d72ec4c46f&travellerType=1&tspTypes=8,2",https://pix5.agoda.net/hotelImages/666/666257/666257_17093015150056933255.jpg?s=1024x768,"194 Nguyen Chi Thanh, Hai Chau, Da Nang, Vietnam",8.2,555584,0,1,0,0,0,0,0,0,0,0,0,0,0,0,0,1,0,0,0,0,0
DaNang21,Da Nang,Belle Maison Parosand Danang,https://www.agoda.com/belle-maison-parosand-danang_3/hotel/da-nang-vn.html?checkin=2019-09-20&los=1&adults=2&rooms=1&cid=-1&searchrequestid=a22e6198-a6fd-4c3b-a605-99d72ec4c46f&travellerType=1,https://pix5.agoda.net/hotelImages/261/2614325/2614325_17090915280056183977.jpg?s=1024x768,"216 Vo Nguyen Giap, Phuoc My, Da Nang, Vietnam, 550000",8.8,1087984,0,1,0,0,0,1,0,0,1,0,1,0,1,0,0,1,0,0,0,0,0
DaNang22,Da Nang,Sun River Hotel,https://www.agoda.com/sun-river-hotel/hotel/da-nang-vn.html?checkin=2019-09-20&los=1&adults=2&rooms=1&cid=-1&searchrequestid=a22e6198-a6fd-4c3b-a605-99d72ec4c46f&travellerType=1,https://pix6.agoda.net/hotelImages/161693/-1/2a02e8d4c20139018dc9650ef37b1e0f.jpg?s=1024x768,"132-134-136 Bach Dang Street, Hai Chau District, Hai Chau, Da Nang, Vietnam",8.2,833333,0,1,0,0,0,0,0,0,0,0,0,0,1,0,0,1,0,0,0,0,0
DaNang23,Da Nang,City Hostel Da Nang,https://www.agoda.com/city-hostel-da-nang_3/hotel/da-nang-vn.html?checkin=2019-09-20&los=1&adults=2&rooms=1&cid=-1&searchrequestid=a22e6198-a6fd-4c3b-a605-99d72ec4c46f&travellerType=1&tspTypes=1,https://pix6.agoda.net/hotelImages/594/5943447/5943447_18110613340069506192.jpg?s=1024x768,"114 Yen Bai, Hai Chau, Hai Chau, Da Nang, Vietnam, 550000",9.1,543648,0,0,0,0,0,0,0,1,0,0,0,0,0,0,0,1,0,0,0,0,0
DaNang24,Da Nang,Orchid Hotel Danang,https://www.agoda.com/orchid-hotel-danang/hotel/da-nang-vn.html?checkin=2019-09-20&los=1&adults=2&rooms=1&cid=-1&searchrequestid=a22e6198-a6fd-4c3b-a605-99d72ec4c46f&travellerType=1,https://pix6.agoda.net/hotelImages/429789/-1/2ef1c6019fbcc4c001ff0c5ce01090a8.jpg?s=1024x768,"154 Vo Nguyen Giap street, Son Tra district,Da Nang City, Phuoc My, Da Nang, Vietnam",7.2,569697,0,1,0,0,0,0,0,0,0,0,0,0,0,0,0,1,0,0,0,0,0
DaNang25,Da Nang,Green House Hotel,https://www.agoda.com/green-house-hotel/hotel/da-nang-vn.html?checkin=2019-09-20&los=1&adults=2&rooms=1&cid=-1&searchrequestid=a22e6198-a6fd-4c3b-a605-99d72ec4c46f&travellerType=1&tspTypes=1,https://pix5.agoda.net/hotelImages/861/861865/861865_15082612220035087515.jpg?s=1024x768,"22-24 Ha Chuong, Son Tra, Phuoc My, Da Nang, Vietnam, 59000",8.6,411255,0,1,0,0,0,0,0,0,0,0,0,0,0,0,0,1,0,0,0,0,0
DaNang26,Da Nang,Richico Apartment and Hotel,https://www.agoda.com/richico-apartment-and-hotel/hotel/da-nang-vn.html?checkin=2019-09-20&los=1&adults=2&rooms=1&cid=-1&searchrequestid=a22e6198-a6fd-4c3b-a605-99d72ec4c46f&travellerType=1&tspTypes=2,https://pix5.agoda.net/hotelImages/1002443/-1/2d80f9ce176d20903c98b1347abfb359.jpg?s=1024x768,"176-178 Nguyen Van Thoai, Phuoc My, Da Nang, Vietnam, 550000",8.0,498874,0,1,0,0,0,0,1,0,0,0,1,0,0,0,0,1,0,0,0,0,0
DaNang27,Da Nang,Cali Night Hotel Da Nang,https://www.agoda.com/cali-night-hotel-da-nang/hotel/da-nang-vn.html?checkin=2019-09-20&los=1&adults=2&rooms=1&cid=-1&searchrequestid=a22e6198-a6fd-4c3b-a605-99d72ec4c46f&travellerType=1,https://pix6.agoda.net/hotelImages/616/6169533/6169533_18112114480069839866.jpg?s=1024x768,"30-32 An Duong Vuong, My An ward, Ngu Hanh Son District, Danang, Phuoc My, Da Nang, Vietnam, 550000",5.7,173160,0,0,0,0,0,0,0,1,0,0,0,0,0,0,0,1,0,0,0,0,0
DaNang29,Da Nang,Dang Ha Hotel Danang,https://www.agoda.com/dang-ha-hotel-danang/hotel/da-nang-vn.html?checkin=2019-09-20&los=1&adults=2&rooms=1&cid=-1&searchrequestid=a22e6198-a6fd-4c3b-a605-99d72ec4c46f&travellerType=1&tspTypes=9,https://pix6.agoda.net/hotelImages/443/443456/443456_16050516480042083286.jpg?s=1024x768,"52 Le Tan Toan, Son Tra District, Phuoc My, Da Nang, Vietnam",7.8,223377,0,0,0,1,0,0,0,0,0,0,0,0,0,0,0,1,0,0,0,0,0
DaNang30,Da Nang,Sea Flower Hotel,https://www.agoda.com/sea-flower-hotel/hotel/da-nang-vn.html?checkin=2019-09-20&los=1&adults=2&rooms=1&cid=-1&searchrequestid=a22e6198-a6fd-4c3b-a605-99d72ec4c46f&travellerType=1&tspTypes=9,https://pix6.agoda.net/hotelImages/890213/-1/22cbff1a0834c3d81726f11070423e62.jpg?s=1024x768,"352-354 Vo Nguyen Giap st, Bac My An Beach, Da Nang city, Phuoc My, Da Nang, Vietnam",7.5,404745,1,1,0,0,0,0,0,0,0,0,1,0,0,0,0,1,0,0,0,0,0
DaNang31,Da Nang,White Snow Hotel Danang,https://www.agoda.com/white-snow-hotel-danang/hotel/da-nang-vn.html?checkin=2019-09-20&los=1&adults=2&rooms=1&cid=-1&searchrequestid=a22e6198-a6fd-4c3b-a605-99d72ec4c46f&travellerType=1&tspTypes=9,https://pix6.agoda.net/hotelImages/446/446424/446424_13060414490012636426.jpg?s=1024x768,"97 - 99 Nguyen Van Linh (extended), Hai Chau, Da Nang, Vietnam",7.7,526407,0,1,0,0,0,0,0,0,0,0,0,0,0,0,0,1,0,0,0,0,0
DaNang32,Da Nang,Hoang Quan Hotel,https://www.agoda.com/hoang-quan-hotel/hotel/da-nang-vn.html?checkin=2019-09-20&los=1&adults=2&rooms=1&cid=-1&searchrequestid=a22e6198-a6fd-4c3b-a605-99d72ec4c46f&travellerType=1&tspTypes=3,https://pix6.agoda.net/hotelImages/230/230670/230670_17051621110053029566.jpg?s=1024x768,"51 Hoang Ke Viem, Phuoc My, Da Nang, Vietnam",6.8,207273,0,1,0,0,0,0,0,0,0,0,0,0,0,0,0,1,0,0,0,0,0
DaNang33,Da Nang,Mitisa Hotel Danang,https://www.agoda.com/mitisa-hotel-danang/hotel/da-nang-vn.html?checkin=2019-09-20&los=1&adults=2&rooms=1&cid=-1&searchrequestid=a22e6198-a6fd-4c3b-a605-99d72ec4c46f&travellerType=1,https://pix5.agoda.net/hotelImages/3002196/-1/a7f2586aea0f6c1e429c4ec5d7ab4749.jpg?s=1024x768,"67-69 Nguyen Van Linh St, Hai Chau Distrit, Da Nang, Hai Chau, Da Nang, Vietnam, 550000",9.1,865801,1,1,0,0,0,0,0,0,0,0,1,0,0,0,0,1,1,0,0,0,0
DaNang34,Da Nang,Lan Nhi Hotel,https://www.agoda.com/lan-nhi-hotel/hotel/da-nang-vn.html?checkin=2019-09-20&los=1&adults=2&rooms=1&cid=-1&searchrequestid=a22e6198-a6fd-4c3b-a605-99d72ec4c46f&travellerType=1&tspTypes=2,https://pix6.agoda.net/hotelImages/876/876521/876521_16091410150046428998.jpg?s=1024x768,"66 Ha Bong, Phuoc My, Da Nang, Vietnam, 5000",8.2,303030,0,1,0,0,0,0,0,0,0,0,0,0,0,0,0,1,0,0,0,0,0
DaNang35,Da Nang,Monarque Hotel Danang,https://www.agoda.com/monarque-hotel-danang/hotel/da-nang-vn.html?checkin=2019-09-20&los=1&adults=2&rooms=1&cid=-1&searchrequestid=a22e6198-a6fd-4c3b-a605-99d72ec4c46f&travellerType=1,https://pix5.agoda.net/hotelImages/2613181/-1/5561e91ce4cb9041a3f4c232f7455271.jpg?s=1024x768,"238 Vo Nguyen Giap, Phuoc My, Da Nang, Vietnam, 550000",9.4,1234753,0,1,0,0,0,1,1,0,0,0,1,0,1,0,0,1,0,0,0,0,0
DaNang36,Da Nang,DELICATE HOTEL & APARTMENT,https://www.agoda.com/delicate-hotel-apartment_2/hotel/da-nang-vn.html?checkin=2019-09-20&los=1&adults=2&rooms=1&cid=-1&searchrequestid=a22e6198-a6fd-4c3b-a605-99d72ec4c46f&travellerType=1&tspTypes=3,https://pix5.agoda.net/hotelImages/6373185/-1/3d1e63ae67c75a84a1b04dde7881c285.jpg?s=1024x768,"85 DO BI, Phuoc My, Da Nang, Vietnam, 550000",9.2,259740,0,0,0,0,0,0,0,0,0,0,0,0,0,0,0,1,0,0,0,1,0
DaNang37,Da Nang,Lang Co Resort - Stork Village,https://www.agoda.com/lang-co-resort-stork-village/hotel/da-nang-vn.html?checkin=2019-09-20&los=1&adults=2&rooms=1&cid=-1&searchrequestid=a22e6198-a6fd-4c3b-a605-99d72ec4c46f&travellerType=1,https://pix6.agoda.net/hotelImages/305/305522/305522_14032617520018866772.jpg?s=1024x768,"Lang Co Town, Phu Loc District, Lang Co, Da Nang, Vietnam",5.9,692641,0,1,0,0,0,0,0,0,0,0,1,0,0,0,0,0,0,0,0,0,0
DaNang38,Da Nang,Konoha Boutique Villa,https://www.agoda.com/konoha-boutique-villa/hotel/da-nang-vn.html?checkin=2019-09-20&los=1&adults=2&rooms=1&cid=-1&searchrequestid=a22e6198-a6fd-4c3b-a605-99d72ec4c46f&travellerType=1,https://pix6.agoda.net/hotelImages/6590977/-1/9e5b0196909afa44cce950e5a180376b.jpg?s=1024x768,"90 Hoang Bich Son, Son Tra District, Phuoc My, Da Nang, Vietnam, 550000",8.9,909091,0,1,0,0,0,0,0,0,0,0,1,0,0,0,0,0,0,1,0,0,0
DaNang39,Da Nang,Seafront Hotel Da Nang,https://www.agoda.com/seafront-hotel-da-nang/hotel/da-nang-vn.html?checkin=2019-09-20&los=1&adults=2&rooms=1&cid=-1&searchrequestid=a22e6198-a6fd-4c3b-a605-99d72ec4c46f&travellerType=1,https://pix6.agoda.net/hotelImages/648/648865/648865_15060511280028632234.jpg?s=1024x768,"240 Vo Nguyen Giap, Phuoc My, Da Nang, Vietnam, 0236",7.1,607792,0,1,0,0,0,0,0,0,0,0,0,0,0,0,0,1,0,0,0,0,0
DaNang40,Da Nang,Iris Hotel Danang,https://www.agoda.com/iris-hotel-danang/hotel/da-nang-vn.html?checkin=2019-09-20&los=1&adults=2&rooms=1&cid=-1&searchrequestid=a22e6198-a6fd-4c3b-a605-99d72ec4c46f&travellerType=1,https://pix6.agoda.net/hotelImages/411/411331/411331_16112918520049212490.jpg?s=1024x768,"181-183 Le Duan Street, Hai Chau, Da Nang, Vietnam",7.8,562771,0,1,0,0,0,0,0,0,0,0,0,0,0,0,0,1,0,0,0,0,0
DaNang41,Da Nang,Dana Pearl Hotel Da Nang,https://www.agoda.com/dana-pearl-hotel-da-nang/hotel/da-nang-vn.html?checkin=2019-09-20&los=1&adults=2&rooms=1&cid=-1&searchrequestid=a22e6198-a6fd-4c3b-a605-99d72ec4c46f&travellerType=1,https://pix6.agoda.net/hotelImages/583/583496/583496_14032312280018819810.jpg?s=1024x768,"165L Le Loi - Corner Le Loi-Hai Phong street, Hai Chau district, Hai Chau, Da Nang, Vietnam",7.4,595238,0,1,0,0,0,0,0,0,0,0,0,0,0,0,0,0,0,0,0,0,1
DaNang42,Da Nang,Dylan Hotel Danang,https://www.agoda.com/dylan-hotel-danang_2/hotel/da-nang-vn.html?checkin=2019-09-20&los=1&adults=2&rooms=1&cid=-1&searchrequestid=a22e6198-a6fd-4c3b-a605-99d72ec4c46f&travellerType=1&tspTypes=2,https://pix6.agoda.net/hotelImages/2401246/-1/ebbc43f379edb6ed9dfc86a29da32f1d.jpg?s=1024x768,"93, 95 Ha Bong, Phuoc My, Da Nang, Vietnam, 550000",8.7,857143,0,1,0,0,0,0,0,0,0,0,0,0,0,0,0,0,1,0,0,0,0
DaNang43,Da Nang,Danang Moment - Boutique Serviced Apartment,https://www.agoda.com/danang-moment-boutique-serviced-apartment_2/hotel/da-nang-vn.html?checkin=2019-09-20&los=1&adults=2&rooms=1&cid=-1&searchrequestid=a22e6198-a6fd-4c3b-a605-99d72ec4c46f&travellerType=1,https://pix6.agoda.net/hotelImages/218/2181240/2181240_17052511270053221564.jpg?s=1024x768,"D10, D11 An Thuong 34, My An Ward, Ngu Hanh Son District, Da Nang City., Phuoc My, Da Nang, Vietnam",9.0,663722,0,1,0,0,0,0,0,0,0,0,0,0,0,0,0,0,0,0,0,1,0
DaNang45,Da Nang,Brilliant Hotel Danang,https://www.agoda.com/brilliant-hotel-danang/hotel/da-nang-vn.html?checkin=2019-09-20&los=1&adults=2&rooms=1&cid=-1&searchrequestid=a22e6198-a6fd-4c3b-a605-99d72ec4c46f&travellerType=1,https://pix6.agoda.net/hotelImages/302/302683/302683_14062508280020015126.jpg?s=1024x768,"162 Bach Dang Street, Hai Chau, Da Nang, Vietnam",8.7,1682251,0,1,0,0,0,0,0,0,0,0,0,0,1,0,0,1,1,0,1,0,0
DaNang46,Da Nang,Alisia Beach Hotel Da Nang,https://www.agoda.com/alisia-beach-hotel-da-nang/hotel/da-nang-vn.html?checkin=2019-09-20&los=1&adults=2&rooms=1&cid=-1&searchrequestid=a22e6198-a6fd-4c3b-a605-99d72ec4c46f&travellerType=1&tspTypes=9,https://pix5.agoda.net/hotelImages/5056358/-1/ed3092e5bd9154779bc36a43a0a3539a.jpg?s=1024x768,"19 Hoang Sa, Son Tra, Da Nang, Phuoc My, Da Nang, Vietnam, 59000",8.3,636807,1,1,0,0,0,0,0,0,0,0,1,0,0,1,0,1,0,0,0,0,0
DaNang48,Da Nang,Zen Diamond Suites,https://www.agoda.com/zen-diamond-suites/hotel/da-nang-vn.html?checkin=2019-09-20&los=1&adults=2&rooms=1&cid=-1&searchrequestid=a22e6198-a6fd-4c3b-a605-99d72ec4c46f&travellerType=1&tspTypes=5,https://pix6.agoda.net/hotelImages/2550968/-1/72c7a167ddc4b5c12f96fff240b800db.jpg?s=1024x768,"16 Ly Thuong Kiet st, Thach Thang Ward, Hai Chau District, Hai Chau, Da Nang, Vietnam",8.6,14463077,0,1,0,0,0,0,1,0,0,0,0,0,0,0,0,1,1,1,0,0,0
DaNang49,Da Nang,Zi Coffee & Hostel,https://www.agoda.com/zi-coffee-hostel_3/hotel/da-nang-vn.html?checkin=2019-09-20&los=1&adults=2&rooms=1&cid=-1&searchrequestid=a22e6198-a6fd-4c3b-a605-99d72ec4c46f&travellerType=1,https://pix6.agoda.net/hotelImages/413/4135932/4135932_18010814190060899076.jpg?s=1024x768,"41Li tu trong, Hai Chau, Da Nang, Vietnam, 550000",9.8,242424,0,0,0,1,0,0,0,0,0,0,0,0,0,0,0,1,0,0,0,0,0
DaNang51,Da Nang,Fivitel Boutique Da Nang,https://www.agoda.com/fivitel-boutique-da-nang/hotel/da-nang-vn.html?checkin=2019-09-20&los=1&adults=2&rooms=1&cid=-1&searchrequestid=a22e6198-a6fd-4c3b-a605-99d72ec4c46f&travellerType=1,https://pix5.agoda.net/hotelImages/6383377/-1/b0c52fa0629e4becc3cb6903b8c520a7.jpg?s=1024x768,"202 Nguyen Chi Thanh, Phuoc Chau, Hai Chau, Hai Chau, Da Nang, Vietnam, 550000",9.3,4000000,0,1,0,0,0,0,0,0,0,0,0,0,1,0,0,1,0,0,1,0,0
DaNang52,Da Nang,Danang Capsule Hotel,https://www.agoda.com/danang-capsule-hotel/hotel/da-nang-vn.html?checkin=2019-09-20&los=1&adults=2&rooms=1&cid=-1&searchrequestid=a22e6198-a6fd-4c3b-a605-99d72ec4c46f&travellerType=1&tspTypes=1,https://pix6.agoda.net/hotelImages/4968928/-1/e18e69612934fa33efca79a0dd79db38.jpg?s=1024x768,"63 Le Minh Trung, An Hai Bac Ward, Son Tra District, Phuoc My, Da Nang, Vietnam, 55000",8.9,366695,0,1,0,0,0,0,0,0,0,0,0,0,0,0,0,1,0,0,0,1,0
DaNang53,Da Nang,Royal Charm Hotel,https://www.agoda.com/royal-charm-hotel/hotel/da-nang-vn.html?checkin=2019-09-20&los=1&adults=2&rooms=1&cid=-1&searchrequestid=a22e6198-a6fd-4c3b-a605-99d72ec4c46f&travellerType=1&tspTypes=3,https://pix6.agoda.net/hotelImages/216/2169070/2169070_17051912350053091908.jpg?s=1024x768,"46 Tran Bach Dang, Ngu Hanh Son, Phuoc My, Da Nang, Vietnam, 550000",8.2,766957,0,1,0,0,0,0,0,0,0,0,0,0,0,0,0,1,0,0,0,0,0
DaNang54,Da Nang,Animor Green Home,https://www.agoda.com/animor-green-home/hotel/da-nang-vn.html?checkin=2019-09-20&los=1&adults=2&rooms=1&cid=-1&searchrequestid=a22e6198-a6fd-4c3b-a605-99d72ec4c46f&travellerType=1,https://pix6.agoda.net/hotelImages/4911184/-1/35ff9fe7b085fcc77cdde1cbcea92540.jpg?s=1024x768,"Lô 47 Mỹ Khê 4, Sơn Trà, Phuoc My, Da Nang, Vietnam, 550000",8.6,1558442,0,0,0,0,0,0,0,0,0,0,1,0,0,0,0,1,0,0,0,0,0
DaNang55,Da Nang,Frangipani Boutique Hotel Da Nang,https://www.agoda.com/frangipani-boutique-hotel-da-nang/hotel/da-nang-vn.html?checkin=2019-09-20&los=1&adults=2&rooms=1&cid=-1&searchrequestid=a22e6198-a6fd-4c3b-a605-99d72ec4c46f&travellerType=1,https://pix5.agoda.net/hotelImages/569/569417/569417_14022714200018493383.jpg?s=1024x768,"08 Nguyen Huu Thong Sreet, Phuoc My, Da Nang, Vietnam",9.1,519481,0,1,0,1,0,0,1,0,0,0,0,0,0,0,0,1,1,0,0,0,0
DaNang56,Da Nang,Legacy Riverside Danang Hotel,https://www.agoda.com/legacy-riverside-danang-hotel/hotel/da-nang-vn.html?checkin=2019-09-20&los=1&adults=2&rooms=1&cid=-1&searchrequestid=a22e6198-a6fd-4c3b-a605-99d72ec4c46f&travellerType=1,https://pix5.agoda.net/hotelImages/260/2607788/2607788_17081617120055433357.jpg?s=1024x768,"347-349 Tran Hung Dao, Phuoc My, Da Nang, Vietnam, 5500",7.0,454545,0,1,0,0,0,0,0,0,0,0,0,0,0,0,0,1,0,0,0,0,0
DaNang57,Da Nang,Alibaba Hotel Da Nang,https://www.agoda.com/alibaba-hotel-da-nang/hotel/da-nang-vn.html?checkin=2019-09-20&los=1&adults=2&rooms=1&cid=-1&searchrequestid=a22e6198-a6fd-4c3b-a605-99d72ec4c46f&travellerType=1,https://pix6.agoda.net/hotelImages/4137531/-1/8e529bc08dbce33d2528899229360080.jpg?s=1024x768,"168 Ho Nghinh, Phuoc My, Da Nang, Vietnam, 550000",7.5,575758,0,1,0,0,0,0,0,0,0,0,0,0,0,0,0,1,0,0,0,0,0
DaNang58,Da Nang,Tropical Da Nang Villa,https://www.agoda.com/tropical-da-nang-villa_2/hotel/da-nang-vn.html?checkin=2019-09-20&los=1&adults=2&rooms=1&cid=-1&searchrequestid=a22e6198-a6fd-4c3b-a605-99d72ec4c46f&travellerType=1&tspTypes=1,https://pix6.agoda.net/hotelImages/554/5547386/5547386_18080709310067321294.jpg?s=1024x768,"7 - An Thuong 37 - My An - Ngu Hanh Son, Phuoc My, Da Nang, Vietnam, 550000",8.9,375758,0,1,0,0,0,0,0,0,0,0,0,0,0,0,0,1,0,0,0,1,0
DaNang59,Da Nang,Richico Apartel Ocean,https://www.agoda.com/richico-apartel-ocean/hotel/da-nang-vn.html?checkin=2019-09-20&los=1&adults=2&rooms=1&cid=-1&searchrequestid=a22e6198-a6fd-4c3b-a605-99d72ec4c46f&travellerType=1,https://pix5.agoda.net/hotelImages/643/6438019/6438019_19011121410071236631.jpg?s=1024x768,"61-63 An Thuong 26, Phuoc My, Da Nang, Vietnam, 55000",7.5,432900,0,1,0,0,0,0,0,0,0,0,0,0,0,0,0,1,0,0,0,1,0
DaNang61,Da Nang,Oc Tien Sa Hotel Danang,https://www.agoda.com/oc-tien-sa-hotel-danang/hotel/da-nang-vn.html?checkin=2019-09-20&los=1&adults=2&rooms=1&cid=-1&searchrequestid=a22e6198-a6fd-4c3b-a605-99d72ec4c46f&travellerType=1&tspTypes=9,https://pix6.agoda.net/hotelImages/463/463169/463169_15111515510037750922.jpg?s=1024x768,"163 Nguyen Hoang Street, Hai Chau, Da Nang, Vietnam",6.7,303030,0,1,0,0,0,0,0,0,0,0,0,0,0,0,0,1,0,0,0,0,0
DaNang62,Da Nang,Laguna Park Homes Lang Co,https://www.agoda.com/laguna-park-homes-lang-co/hotel/da-nang-vn.html?checkin=2019-09-20&los=1&adults=2&rooms=1&cid=-1&searchrequestid=a22e6198-a6fd-4c3b-a605-99d72ec4c46f&travellerType=1,https://pix6.agoda.net/hotelImages/2061825/-1/9bdcb786634e0bd3c3ffb49fe6fe7f18.jpg?s=1024x768,"Loc Vinh Commune, Phu Loc District, Cu Du, Lang Co, Da Nang, Vietnam, 530000",8.4,4554113,0,1,1,0,1,0,0,0,0,0,1,0,1,0,0,0,0,0,0,1,0
DaNang64,Da Nang,Pulchra Resort Danang,https://www.agoda.com/pulchra-resort-danang/hotel/da-nang-vn.html?checkin=2019-09-20&los=1&adults=2&rooms=1&cid=-1&searchrequestid=a22e6198-a6fd-4c3b-a605-99d72ec4c46f&travellerType=1,https://pix5.agoda.net/hotelImages/535/535543/535543_17011511540050325821.jpg?s=1024x768,"Lot 22 Truong Sa Street, Hoa Hai Ward, Ngu Hanh Son District, Hoa Hai, Da Nang, Vietnam",8.1,9108225,0,1,0,0,0,0,1,0,0,0,1,0,1,0,0,1,0,0,0,0,0
DaNang65,Da Nang,Truong Tai,https://www.agoda.com/truong-tai/hotel/da-nang-vn.html?checkin=2019-09-20&los=1&adults=2&rooms=1&cid=-1&searchrequestid=a22e6198-a6fd-4c3b-a605-99d72ec4c46f&travellerType=1&tspTypes=2,https://pix5.agoda.net/hotelImages/908/908596/908596_15080617130033797375.jpg?s=1024x768,"12 Lam Hoanh, Son Tra District,, Phuoc My, Da Nang, Vietnam",8.2,300682,0,1,0,0,0,0,0,0,0,0,0,0,0,0,0,1,0,0,0,0,0
